{
  "$schema": "./node_modules/@angular/cli/lib/config/schema.json",
  "project": {
    "name": "Mrin WebUI"
  },
  "apps": [
    {
      "root": "src",
      "outDir": "dist",
      "assets": [
        "assets",
        "favicon.ico"
      ],
      "index": "index.html",
      "main": "main.ts",
      "polyfills": "polyfills.ts",
      "tsconfig": "tsconfig.json",
      "prefix": "app",
      "styles": [
        "styles.scss",
         "../node_modules/@clr/icons/clr-icons.min.css",
         "../node_modules/@clr/ui/clr-ui.min.css",
         "../node_modules/@swimlane/ngx-datatable/release/assets/icons.css"
      ],
      "scripts": [
        "../node_modules/@webcomponents/custom-elements/custom-elements.min.js",
        "../node_modules/@clr/icons/clr-icons.min.js"
      ],
      "environmentSource": "environments/environment.ts",
      "environments": {
        "dev": "environments/environment.ts",
        "prod": "environments/environment.prod.ts"
      }
    }
  ],
  "lint": [
    {
      "files": "src/**/*.ts",
      "project": "src/tsconfig.json"
    }
  ],
  "defaults": {
    "styleExt": "scss",
    "component": {
      "viewEncapsulation": "Emulated"
    }
  }
}
