<?xml version="1.0" encoding="UTF-8"?>
<!DOCTYPE suite SYSTEM "http://testng.org/testng-1.0.dtd">
<suite name="Smoke Suite">
	<test thread-count="1" name="Test">
		<classes>
			<class name="Search.SearchModule">
				<methods>
					<exclude name="TC_001"></exclude>
					<exclude name="TC_002"></exclude>
					<include name="TC_003"></include>
				</methods>
			</class>
			<class name="Checkout.CheckoutModule">
				<methods>
					<include name="TC_001"></include>
					<exclude name="TC_002"></exclude>
					<exclude name="TC_003"></exclude>
					
				</methods>
			</class>
			<!-- <class name="AccountMan.AccManModule"/> -->

		</classes>
	</test> <!-- Test -->
</suite> <!-- Suite -->
