{"properties": [
  {
    "name": "spring.mysql.jdbc-url",
    "type": "java.lang.String",
    "description": "A description for 'spring.mysql.jdbc-url'"
  },
  {
    "name": "spring.mysql.username",
    "type": "java.lang.String",
    "description": "A description for 'spring.mysql.username'"
  },
  {
    "name": "spring.mysql.password",
    "type": "java.lang.String",
    "description": "A description for 'spring.mysql.password'"
  },
  {
    "name": "spring.mysql.driverClassName",
    "type": "java.lang.String",
    "description": "A description for 'spring.mysql.driverClassName'"
  },
  {
    "name": "spring.mysql.driverClassName",
    "type": "java.lang.String",
    "description": "A description for 'spring.mysql.driverClassName'"
  }
]}